{
  "_generated": "Generated by SweetTooth, do not edit",
  "description": "Add a menu for quickly navigating places in the system.\nThis extension is part of Classic Mode and is officially supported by GNOME. Please do not report bugs using the form below, use GNOME's GitLab instance instead.",
  "extension-id": "places-menu",
  "gettext-domain": "gnome-shell-extensions",
  "name": "Places Status Indicator",
  "settings-schema": "org.gnome.shell.extensions.places-menu",
  "shell-version": [
    "3.38"
  ],
  "url": "https://gitlab.gnome.org/GNOME/gnome-shell-extensions",
  "uuid": "places-menu@gnome-shell-extensions.gcampax.github.com",
  "version": 48
}