<?xml version="1.0" encoding="UTF-8"?>
<schemalist gettext-domain="gnome-shell-extensions-caffeine-daemon">
   <enum id="org.gnome.shell.extensions.caffeine.nightlight-control">
        <value value="0" nick="never"/>
        <value value="1" nick="always"/>
        <value value="2" nick="for-apps"/>
    </enum>

  <schema path="/org/gnome/shell/extensions/caffeine/" id="org.gnome.shell.extensions.caffeine">
    <key type="as" name="inhibit-apps">
        <default>[ ]</default>
        <summary>Application list</summary>
        <description>A list of strings, each containing an application id (desktop file name)</description>
    </key>
    <key type="b" name="user-enabled">
        <default>false</default>
        <summary>Store caffeine user state</summary>
        <description></description>
    </key>
    <key type="b" name="restore-state">
        <default>false</default>
        <summary>Restore caffeine state</summary>
        <description></description>
    </key>
    <key type="b" name="show-indicator">
        <default>true</default>
        <summary>Show indicator</summary>
        <description>Show the indicator on the top panel</description>
    </key>
    <key type="b" name="show-notifications">
        <default>true</default>
        <summary>Show notifications</summary>
        <description>Show notifications when enabled/disabled</description>
    </key>
    <key type="b" name="enable-fullscreen">
        <default>true</default>
        <summary>Enable when a fullscreen application is running</summary>
        <description>Enable when a fullscreen application is running</description>
    </key>
    <key type="b" name="control-nightlight">
        <default>false</default>
        <summary>DEPRECATED. Pause/resume Night Light</summary>
        <description>Pause/resume Night Light when enabled/disabled</description>
    </key>
    <key type="b" name="control-nightlight-for-app">
        <default>false</default>
        <summary>DEPRECATED. Pause/resume Night Light for defined applications only</summary>
        <description>Pause/resume Night Light for defined application when enabled/disabled</description>
    </key>
    <key name="nightlight-control" enum="org.gnome.shell.extensions.caffeine.nightlight-control">
        <default>"never"</default>
        <summary>Night Light control mode</summary>
        <description>Set the way Caffeine interacts with the Night light setting.</description>
    </key>
  </schema>
</schemalist>
